checkin_id,member_id,checkin_time,location
f4912a20-b915-49d0-88b4-7de2dd1e9dfd,eab5afad-c4b8-43ba-a176-8d9123ed0204,2024-11-17 15:07:18,Downtown Gym
e607b807-a8e7-499c-b52a-02bbcb47ac7c,049eb30c-eff2-4c93-9b51-c707aea2e5ef,2024-07-21 15:49:05,Suburb Gym
5b1ee95d-d372-4fe0-97d0-65515906e95a,2485e491-77e0-4c09-9fbd-b786024a0530,2025-02-13 12:08:05,Downtown Gym
0d4f2f9d-3dee-49c2-9d47-e9880074c382,788c5d19-30ca-4e06-aa3b-498ad67753d6,2025-04-21 00:12:44,Downtown Gym
9bcd28ef-f1d6-4326-a41f-e1256a161a28,006c1502-60c3-42cc-a5e1-bc215facbe12,2024-11-02 13:05:39,Downtown Gym
72d6d4e7-1f53-460b-99ea-105c7dd7619d,f2554093-11a4-4893-ba39-bf2500ac5e78,2024-08-06 03:26:40,Downtown Gym
ba8d488b-3fba-47e9-9937-7911823b3c75,2f73558c-ed05-4c53-af21-3b6e583af8e3,2025-04-13 08:27:20,Suburb Gym
17db5d29-50fa-4c8c-91df-60a9af5b9fe0,e3d4d4d7-4fa3-4a44-8574-26933364c105,2025-04-12 17:56:29,Uptown Gym
43f31f3d-bc5e-4db0-be03-7ca91c0f3c49,3d0b1d59-29c6-400a-948d-be817d8f67ee,2025-01-15 03:22:44,Downtown Gym
45f43663-7aa6-4b32-b4c0-34c3bddd8f51,b4d4c84f-333f-4f5e-8ddb-3fe6cc1438eb,2024-07-02 14:54:09,Suburb Gym
4520bcd2-b68f-4014-8cd9-13c5fb6ff51f,416c5b4b-9601-4d1f-9a1b-b5aaf79c4c42,2024-08-13 18:13:30,Suburb Gym
369d2f4e-ab01-4c2f-aff2-081de25a5b24,a2019ce2-9042-4f39-a4bc-56deca1c1d88,2024-11-18 19:51:40,Suburb Gym
70e9c073-3f48-4804-b2cf-37debae22163,9af87098-db32-43b8-af85-3ed9990a2f0a,2024-05-23 12:17:04,Uptown Gym
3e9a5830-0a98-4914-9b06-19820c4ceff9,754a42ab-7c9a-46a1-9d9a-3bf6a1075adb,2024-06-18 12:36:28,Downtown Gym
be72faed-8f9a-4370-9423-8c3e421d700a,b2882a2f-419c-45d8-b802-65ec6d29131f,2024-05-14 17:35:35,Downtown Gym
c9318182-46f0-4af9-a006-c7e205d1dbda,2a3f49dd-a486-45f1-9e94-f1ccbe1a35c4,2024-04-22 02:10:31,Suburb Gym
5f66256e-1e5f-4924-bf52-a3f32209d105,fd456dee-065c-4f87-b01b-f7a83f8cf166,2024-11-25 19:31:59,Downtown Gym
52ec5ef2-4f6c-41d5-afcc-6ee81beba082,f11f75fe-b0a0-4176-95c0-97a1050bad7a,2024-12-12 10:27:52,Downtown Gym
994fd386-09f7-405b-a835-21a81ff396b5,9d07ac49-8412-4e31-b149-0cc0745a8db8,2024-09-04 10:27:34,Uptown Gym
3d93ac2f-5925-4458-94f1-980ab31d4183,aeefd545-2873-40fe-b450-1706cd37625b,2024-08-04 05:41:28,Uptown Gym
76867288-1b6f-49fe-9cfe-9204560ef18c,a605944a-12d2-4e3a-b2db-bd6b5b92fb9b,2024-05-25 13:19:59,Uptown Gym
de8f5515-b276-4011-9f6c-05504c617f0f,6e9a2283-5ef2-4c7c-98d9-0469699e36e0,2024-07-17 12:10:52,Suburb Gym
c12acd23-cbd3-4753-b9f5-cea400d326cf,4e649826-c5ae-4f0a-9b30-311ff0d1c98c,2024-09-12 20:36:51,Downtown Gym
c8ae56cd-e976-48ef-9680-ff9c95fbc2fd,e099a525-cb47-4560-a819-5aa3a704c5fa,2025-03-26 06:07:50,Suburb Gym
8004a2d9-50fb-4e4e-8b0f-496287a9c238,5c065645-b295-4317-b7a1-f8f8a9361ceb,2024-06-15 00:34:38,Uptown Gym
97eef89d-0cba-48cc-9e79-01c30edd60d8,c6892bf3-0308-4287-851d-8d9703823f3e,2024-09-28 20:51:32,Downtown Gym
0b772e16-159b-4037-8756-0a42b66c8659,5f7c9348-dd26-4808-87a4-30ed23a96ba6,2024-06-09 06:12:48,Downtown Gym
1e67719a-526a-4674-9bd8-126c7e16804b,ee8862fd-e5a3-4f9b-aaef-0af3c9de3010,2025-03-04 12:04:56,Downtown Gym
f4afc978-4860-4c1e-863d-673748d4e090,63003a05-9f87-48ee-bbe6-7b51547c6435,2024-06-23 04:12:36,Uptown Gym
f41f9d74-2162-4803-ad2e-e4aacc16e0d0,d24cd210-518a-4173-b280-e7c3faf3ba26,2024-11-05 00:45:41,Uptown Gym
4d4acc2d-8437-4e7f-8896-3dd1d4f3f7f1,26653a82-4244-421e-81ce-c006e76722c4,2024-12-01 07:05:44,Downtown Gym
a2043804-84bb-4228-a067-4555a0fe0245,fddecfb1-8a94-46b5-b8e0-1d03e4b569f1,2025-01-21 19:34:22,Uptown Gym
3a6b711a-7264-4c97-8db7-448df3caafbe,8561637b-a45a-440d-a058-67fc2f6afd42,2024-11-05 18:03:11,Suburb Gym
729c0888-0822-46b5-a419-43208251ad0a,8108b3f8-9edc-4e80-b25f-a471f3e6e4b1,2024-05-27 05:13:48,Uptown Gym
1eedc11f-c9a0-4ce9-843a-82f5eca5b100,d53ca90b-175f-4e47-91e9-46e2293bf712,2024-04-28 04:03:50,Suburb Gym
ab5c9a37-9277-4c60-9a79-eada62d3f3ee,a3c89f74-ff4f-420d-b4a5-64c249982aa3,2024-11-20 07:34:23,Suburb Gym
30c54f7d-4c32-4c7e-a98e-3ebeffb13931,346d16a8-643d-43f3-9230-7a2e6638edf1,2024-09-05 13:47:37,Downtown Gym
0d5d2e82-89d7-4b5c-bb0b-c6ffb7228519,b8b334a6-e1b4-4bf2-a06e-9eed87cd2dd8,2024-05-07 21:39:27,Uptown Gym
31cba743-7438-407a-b108-5fcc1f274566,9c4b6df7-ac97-4919-841a-3b5de4924d8e,2025-03-18 19:57:10,Suburb Gym
b2afac3c-c727-4bed-bc2f-8d8a1619107e,1297098c-b034-42f3-a916-9985506e5cad,2024-05-04 21:54:32,Downtown Gym
757b9798-226a-452d-ada3-43e8dee12a00,abcd6773-82bd-49ea-b911-583baa8cf190,2024-05-03 17:47:52,Downtown Gym
4a1c8e76-6904-42ed-bfb2-d7697eb37dc5,c9212661-d912-4fe9-999a-39151afd81be,2025-01-30 21:33:05,Uptown Gym
0cce2ee6-8841-4cfe-aa9b-df22d4b2f3db,a338bbc2-8612-44b3-b074-9cfce1f4e172,2025-03-18 22:06:47,Downtown Gym
b45c918f-eaff-4228-bc0f-610cae7d4290,e9702f4b-3a62-4925-8556-af4d37e61de6,2024-12-10 05:33:50,Downtown Gym
f56b1327-9b4b-4c49-b0c4-a61440627d83,62ef9628-40f0-4d9a-bb2f-3888553266e8,2024-05-29 08:08:57,Uptown Gym
da94cbd8-c0f6-4ae3-84c3-cc3296fbcbc5,de655f90-69d2-44f2-adc5-664ec2f726a5,2025-01-29 01:45:44,Uptown Gym
a73857d1-16a1-4476-ba87-b87bfa37a600,aae3edb3-c47f-4346-a0f1-13d900676760,2024-12-10 12:10:03,Suburb Gym
dbaf6262-19b5-49cb-b0bb-dd1d69bf777c,6bcb7afa-8758-4d39-b28e-751a0b0989c3,2025-04-18 11:51:36,Suburb Gym
20accb3f-62f0-4daf-9950-775e89b624d3,1d46487b-5945-4cf4-8f4e-734a2b9178cc,2024-10-27 23:10:50,Suburb Gym
bc10b2c4-608f-435b-8208-863ce8b70c2b,00a7fa4a-6474-44d2-80b9-be993ac1a1a5,2024-09-20 04:42:39,Downtown Gym
8224301a-047a-4b99-ba76-eceb77e8c83e,31d4e073-9260-4da5-95c1-5e8e15a96737,2024-08-29 16:09:51,Suburb Gym
73ed51a7-aeaa-4c98-9f40-23bb6c9a43c4,1e3dee2a-462e-4dbf-a3d9-cfb77003126f,2024-10-20 06:00:13,Suburb Gym
6312321f-19c0-4ad3-bdd1-2a244790ecf7,4136de8d-0b50-4590-b942-494ca16a33a8,2024-12-08 11:36:54,Suburb Gym
ce00fd74-090d-4996-9272-1da931e26314,7645ade6-8354-4d80-85b6-243be9105f2c,2024-08-14 14:26:58,Downtown Gym
b48e6a1d-75c7-4600-adfb-080c558098f1,ab84e741-d0bc-4d72-82ef-2de8aee4db8b,2024-06-05 23:30:05,Uptown Gym
1b10c036-f215-417b-8a53-c96460335036,f62479c5-21dc-499d-8db7-e1b40c5c0601,2024-05-11 09:04:27,Uptown Gym
fc7181f5-d273-4bc9-baae-54a9bab62954,bacd8718-f399-4f83-964c-19538c49adf2,2025-02-20 15:22:48,Uptown Gym
b4380442-f266-4a10-9546-dec125b3ab67,b08d736e-489a-49da-bf9b-958af4da2b14,2024-09-09 18:11:14,Uptown Gym
28895259-f438-41cc-b237-438c95f3ec52,1f6da001-aa09-4cd7-8d60-15f5f97619db,2024-05-05 22:31:56,Suburb Gym
ccc0d34d-4037-4f7d-9d65-3732ce4fa746,29923c36-337b-4cd1-836b-c5265c75aadf,2024-07-03 09:35:05,Downtown Gym
f77b49f0-5793-40cc-8e40-9a5c732cedce,cdb885c9-1f10-4a3e-85f8-6b81b7228709,2024-05-30 15:01:58,Downtown Gym
a90a1f9e-8c99-44ed-914e-3d29c18f0042,412bb2eb-035d-4efd-b084-ab2657937048,2024-12-05 10:17:21,Downtown Gym
3d5fee1c-a46a-485f-ac67-16f0971caa5e,bfc507bf-ea7b-41d5-b3d3-961452419aa6,2024-10-30 01:14:30,Suburb Gym
6bf02423-5517-4e64-a692-e7dcce55b096,35acfd53-1fd0-4702-9176-b9764a5e5f1c,2025-02-04 13:33:55,Uptown Gym
618e7686-c8f8-4b64-b346-80e20ea2be8d,34725213-af7c-49a2-8ae7-47c631cc1ef0,2024-05-23 12:33:35,Downtown Gym
35bd3bfe-a53c-4546-9c75-74cec8dc5948,20a1e64b-395e-45f6-b710-a1f286a13e21,2025-02-14 21:47:16,Suburb Gym
944ba00b-dc10-4827-a5cf-71e0b827d64f,0705641a-4ada-4b69-b637-cd0c981d7db0,2024-05-23 03:26:16,Uptown Gym
149f5802-e275-4db2-acec-86577fabe683,e8ed9ca2-1e7d-4d22-9207-5f706d88c417,2024-06-05 15:41:13,Uptown Gym
f954d835-ba33-487d-92df-cd1f188516c2,0b99e285-7002-49b6-9653-571914685287,2025-02-04 06:39:50,Suburb Gym
8fbff415-30a8-4f4c-8e52-4474fc134c7c,e4c045f3-bd3e-4f52-b70d-b128f374ee87,2024-10-15 13:23:11,Downtown Gym
cd0186bd-e265-4872-9502-b744a3e0fddc,cfbc3571-1a41-44f3-ae3e-b524717c1a81,2024-12-31 19:13:11,Suburb Gym
42281e4c-77eb-4fe6-9ed3-a9b8ae4a4070,4e616dbb-c880-4adf-81ba-7982b5a28198,2024-04-23 22:04:48,Uptown Gym
531255ef-53e6-48bc-8f79-8bb326f91ec7,6caf9dc6-8e3c-4a4a-b1c2-084d1c83c3ff,2024-11-15 09:40:03,Uptown Gym
abb60f68-319f-4f9e-990e-883d7e093cd0,3484f76b-9b18-486f-8fa3-8ba681e2956f,2024-10-27 23:12:52,Uptown Gym
789802b0-4a89-47da-9f54-acdddb2acb92,fa5f3239-c3ed-4f9b-ac12-9bc3761a632e,2025-04-18 03:49:09,Uptown Gym
0c344e9f-560f-47cb-95fd-15ba606ba539,3f972777-c8b3-444b-8e4b-5fe51487069e,2024-11-25 02:09:16,Uptown Gym
219a7eec-dc42-4a8b-9d48-06a2a6754e93,7b38997e-5a96-4271-b5c0-a7e86c2edaab,2025-02-05 11:38:21,Downtown Gym
a33e4b15-c34c-4012-a843-fd70b2ccbeae,bd9db061-2674-4993-bdf4-c398bc2f390d,2024-06-15 06:24:08,Downtown Gym
dbebb0f1-b3d0-49ff-b546-25a40cab48f2,697e94aa-b3b3-495b-b775-033601f25ff5,2024-06-19 20:24:23,Suburb Gym
5a9088a9-6a62-49b1-a9cc-089a935863a5,3aae7d52-9541-4bfa-9080-55090a62807d,2025-03-17 02:05:13,Downtown Gym
5ed0ef70-0c12-40b2-9400-6918d5d32e18,309cf85f-3b12-44f5-8385-6127a075d536,2024-07-21 06:48:10,Suburb Gym
55073500-256f-4215-af8c-c7a8097fecd2,dc2d58d6-820d-4e99-bb62-e9941d8b7283,2024-11-06 21:42:44,Uptown Gym
91538518-a35b-433b-897c-1c6ec009e3f7,a013797c-b36a-4b4e-8352-8e308ea1be5b,2024-08-28 11:27:38,Downtown Gym
789de294-ff6f-4d02-af65-c86aa8d324a6,e9587024-efd8-4eb8-a1b1-8bc7b618003b,2024-08-28 22:29:35,Uptown Gym
93329874-c517-4954-a8e6-08ad45915eef,10b89818-bbbb-4830-b585-e00973651d77,2024-08-14 14:02:55,Uptown Gym
dccc4580-2a9a-46da-814a-48d164b89739,d8b0da6e-e33e-4cc2-ab8b-29d1a132bd55,2025-03-11 23:20:45,Suburb Gym
ef502209-d28c-431d-a8b0-903560bc73d5,b3a2cec5-bc05-4674-b1d4-612a7f3bf3bc,2025-03-18 12:26:14,Uptown Gym
a70ff8eb-ef9a-4d24-82a2-adef049a8ee8,d82515b9-13ec-4604-b37e-67e9d2c6e889,2024-10-30 19:58:15,Uptown Gym
4d6949e9-77f7-41be-a76b-485605ea139e,b7a3decb-f260-4ad7-87e0-542fc1362dd9,2024-09-28 01:58:27,Suburb Gym
7efac958-61dd-4618-894a-7ae245bd77bd,71a3ea25-8a5c-43ad-85e0-5a984be9b0e6,2025-01-01 03:36:36,Downtown Gym
40fc4a03-f61c-47fe-ab56-97dce0964a1c,dc6a2737-0596-4153-b28f-5df6f10a406a,2024-11-03 21:18:32,Downtown Gym
10b69776-03d1-443d-bef4-5ac8132e3f4a,7626e670-90e1-4309-925e-beef43647364,2024-07-31 13:07:09,Uptown Gym
8a3d6296-d025-49e0-97da-780cb8580051,0ee710d7-eb65-493d-baf7-0110b435820e,2024-10-18 14:17:27,Uptown Gym
98c88ee9-d1b8-46a0-a310-1c4723f35932,6f943eff-0521-45e8-bae4-187589a08cb1,2024-09-15 20:28:36,Downtown Gym
8c5229ba-9a19-42f8-8ab2-373f6a078f39,2f5ce915-ee60-433d-9118-d6db77741a56,2024-10-25 02:48:25,Uptown Gym
2f71c1d1-6495-4385-856c-dd211406fcae,4d742a6a-6ed6-46a2-b966-cefbb4995d0d,2024-08-20 23:39:50,Uptown Gym
db1077ad-e93c-43a1-a276-86b90ab19202,3bc016db-cdc1-46df-b8c6-5abfd2ded835,2025-03-23 16:32:44,Suburb Gym
a099543e-f3a8-440c-888a-816b605ce729,60ed8076-9344-4e53-b07e-cbc33534d94a,2024-05-04 03:16:10,Suburb Gym
15c5447f-5752-4dc3-bcc6-66260861c35d,3970b97d-049c-46be-943d-043a83adb646,2025-01-14 12:54:57,Uptown Gym
4c45aaa9-6b45-47e6-bde1-c74732d363e7,76c3c5ce-7a35-4236-96bc-d1d5fda904bc,2024-12-24 16:11:39,Suburb Gym
bf485212-35fd-4385-b975-e31c752677ba,cfcbbb56-3355-4044-ae81-458925972f69,2025-03-27 15:55:21,Suburb Gym
b7676ebd-fcf9-4c4c-9e32-e367a0a157a0,bba1acd5-a73d-4a8f-a158-37b5f6d62a60,2024-09-19 03:11:44,Suburb Gym
4f5ef90d-1bfc-47a3-8c43-9ac4a1632769,c2b729fd-3318-4bad-8c44-c27a3fa85757,2025-04-13 19:32:55,Uptown Gym
48ca1275-12ec-41d5-aeeb-ddadc744a474,d4bbec75-b703-44da-892e-2b9924994881,2024-07-07 12:19:38,Downtown Gym
7ada88f4-3a49-4e1e-bc80-f38536506c12,964394c2-983f-4dd1-9c78-bef3daf967d4,2024-08-08 02:28:33,Suburb Gym
d491ec3b-837f-49ed-b3dd-497d4b545b38,9a7c9666-6d29-4dc2-b2f3-c101897c9724,2024-07-28 13:01:58,Suburb Gym
feb6db81-176a-42b9-a994-7e8362f4e9a0,db2da5a7-00b2-4351-a506-c947c1d26d49,2024-10-19 19:24:55,Uptown Gym
387cd88a-50b1-4209-9080-87cbf8a572e9,468c93c0-0c8c-4511-aa56-69bca5e49944,2024-04-24 12:23:54,Uptown Gym
9981b562-e192-45df-9576-36d9828e82fe,c07f2f98-7cdb-4596-a273-d17c2e7051a7,2024-12-04 05:37:55,Suburb Gym
81c2b7e4-f6fd-47b1-aae0-72384a7bcc8a,b1a6a068-038c-4a86-9c4c-dd16c204389e,2024-08-04 22:19:46,Downtown Gym
94b63709-35ee-4391-b2ab-7315679e408a,ad0920ce-0e2f-4c94-8610-2cdb4750f19e,2024-08-11 03:11:34,Uptown Gym
38210e50-6b9c-46af-8107-626f39b7053c,4a849ba2-f6f5-4add-9ab0-43701d939416,2024-08-15 06:17:46,Suburb Gym
56c8a1f0-8856-4aed-a54b-6ad282b07753,d0a9126d-4a29-4c13-95c6-40871e9b7c64,2024-06-29 15:58:10,Uptown Gym
76556a18-afb3-47c3-84ec-af654eb3ac83,2075c8f4-bcb1-4a84-a543-18a149b5e087,2024-10-30 10:45:10,Suburb Gym
1c095684-aad8-4809-b38e-550fda15ba7f,10b97e6c-30b6-4ffa-b733-e260caea4eec,2024-08-01 06:39:07,Downtown Gym
dfb6ab91-ea83-4964-b1f5-b577eb6168a2,4374767b-d3a5-4b58-8319-0855ef881202,2024-05-11 14:36:25,Uptown Gym
be63b07a-10ba-4dcc-b3a3-23dfe9257105,8dd99476-819d-4666-a0f7-bc9d705485ee,2024-10-24 05:15:26,Uptown Gym
d230ef1c-5b71-4455-ae63-8291cd05cb84,5692d201-077b-458e-acf9-4dcbe66128c0,2024-09-26 02:34:52,Suburb Gym
7946a78b-1054-4a34-994d-0f6656e8b028,b93ace20-65a0-45a8-9313-221d84ac0c0e,2024-10-02 02:47:30,Uptown Gym
3c838e2c-1881-4514-bad5-3d03cb318a39,e0b9c1e0-9deb-41a3-8a66-274f4c29cf01,2024-08-08 07:22:11,Suburb Gym
1b979007-7559-402d-af2d-0ae8e605982c,5364d7c1-fdc9-472f-9acf-5fa123ef56cf,2024-08-14 23:18:51,Suburb Gym
0327c597-7aa8-424a-90de-a6a384f33594,8d982579-12a8-4f1e-9aed-c0752e744bb7,2024-08-11 01:45:47,Downtown Gym
3560f250-0840-4f1e-bdc8-60a7d65fa089,f87b7b59-f77e-4d34-8f83-7463cb118eee,2024-06-05 20:49:56,Uptown Gym
ec51644f-8925-4764-8acb-93a60633367b,73065842-c720-4f2b-84e3-c57d0ca07cb8,2024-05-10 08:42:05,Uptown Gym
56332087-859c-4041-84f3-8c2abebaaade,ae4c3d34-a066-4e2d-9262-efc9766655e0,2025-04-05 18:40:46,Downtown Gym
a7160c94-cdf3-45c6-9aad-43237854dc1f,f158dd03-f957-4a73-9510-f798c15eec6e,2024-09-14 22:41:28,Downtown Gym
7c8aea1f-088d-42e5-a6f9-312819efdc71,6d4cf353-81d1-4d34-9d52-52585b96ee4b,2024-06-07 15:56:41,Downtown Gym
10eee809-9d95-470c-82af-7cb59ca76e19,46895693-0865-44b3-8973-dc3e5d67abb7,2024-11-30 01:16:45,Downtown Gym
9aeffaf5-3ce3-4951-a988-d3992feefeb8,073cfab0-b90c-40e1-97ff-b6b5085ef576,2024-06-24 20:44:26,Uptown Gym
ec1ed52d-bdc7-44f7-a2dd-f63fc2e377b9,5bbe0e3e-94f3-4366-a37e-43172e7c60c6,2024-05-09 08:31:52,Uptown Gym
04a9a5ff-acfd-44c9-9a59-2984e741d092,5f94d62d-88a2-4bba-a76d-4b00bd6ba1d9,2024-11-06 13:33:58,Suburb Gym
b95a71a7-3189-4112-8b89-34184dc57fe8,f9ddbd10-faf4-4cee-a66f-5718cec3e033,2025-02-18 22:08:55,Uptown Gym
40165f4e-2e3a-44c8-9992-1cc74b665b41,99accec3-2342-47f5-9eda-c728dbb360c0,2024-12-23 21:12:13,Suburb Gym
83c86a35-795a-4269-9752-53c2dc8454f3,e7e377fa-507b-475a-9b15-1975b4ac0ecd,2024-08-20 13:09:28,Uptown Gym
db05d544-127a-40c7-b188-19671c3b0825,d8a5f979-8e69-42c3-90bd-f891963bbbaf,2025-02-07 03:16:20,Downtown Gym
de16ff8d-1eb3-4ae4-a25b-e164712e1ee3,b6564146-ebd9-49ec-885f-585dfff425d6,2024-05-17 23:41:36,Suburb Gym
f45cd537-3164-4b4c-ae88-b436e6727588,f9269e48-b25c-4260-9781-f3a35a62fe17,2025-01-20 00:04:39,Suburb Gym
79bde2b7-d17c-4806-9484-8e3e4a3810b8,a88fd637-b95e-42c4-a4d6-b0a85943bd87,2024-06-14 03:08:27,Suburb Gym
839a82a2-3241-4cb1-aa3a-a05fbd732adc,e68ebf0f-4899-4e28-a6fb-4092ae2bee83,2024-06-15 10:19:56,Uptown Gym
b8fac8e9-df4a-4afd-8d79-9147c14bd674,a91d2fbc-aec2-4931-8cdb-5b466e12e610,2024-06-17 19:32:47,Downtown Gym
1f2e3a91-d594-46b3-8c03-7e4f3c7feb51,d1ac9c13-9eab-4eba-a0ab-645145fd196d,2024-05-05 12:00:31,Downtown Gym
20d8b08a-6a55-459e-ab21-3ed27a21633d,8e2d67c5-99af-41dd-8e0b-8c979cba01d1,2025-03-31 13:14:18,Uptown Gym
0efa9dbf-7436-464a-bdf8-4e18393990dc,0c13c0d5-8975-4979-a5f2-d88e5ae1e3a5,2025-01-22 13:37:16,Downtown Gym
378e3aee-b882-43dd-835f-3dc28e6c4d3f,ed188ca8-874f-4166-b33b-e7caac268e7c,2024-07-22 11:51:45,Suburb Gym
b7db4a47-947f-428e-bb8b-27cfa1206872,64cc4d2e-3b0c-4f1f-8221-7b89e1a284d2,2025-01-31 00:38:02,Suburb Gym
c9617794-d689-4047-8b7e-f01d203cfd3a,b4a0e487-4e2a-42a9-89ea-7ac6640b246a,2024-11-17 07:46:32,Downtown Gym
5603ee49-bccf-402f-8076-f9e2605d548d,a5d7ff12-89ab-4eac-ab43-7f6c27a049b3,2024-10-30 03:34:51,Suburb Gym
3105a98c-7414-4221-8c23-34282a0802fb,e7079920-66fe-46f2-b4b2-678b61ed6e41,2025-01-12 05:59:04,Uptown Gym
54c4190c-4b99-407e-8d23-a3a3a7a136a3,fc43259d-4c82-495d-a482-fa179037fce8,2024-10-06 09:43:55,Uptown Gym
74902d20-585c-4626-a7df-90608f4c36ae,30bfc4af-5c88-4fcc-8414-de4a374f07f3,2024-10-13 16:54:43,Suburb Gym
9ed9f769-f6a5-4048-9b2e-e2be9b93cea7,b4539941-a644-4f6c-a69a-9050436ae5e0,2024-07-10 23:20:03,Uptown Gym
31882b17-d354-4786-856b-492ef39b803e,09e086f1-2578-4a00-9290-7ab6b28f5ee4,2025-01-10 17:57:29,Downtown Gym
5d0d12d7-3b93-4720-9525-503253ca86ac,d4e859a9-6e97-4262-89ea-79e63c5f080a,2024-11-14 23:30:23,Downtown Gym
38579876-6390-465d-8941-dd98896c58b7,76825a12-8d29-47eb-bdf7-b27d3ec468f6,2025-01-29 14:47:52,Downtown Gym
a5fd9e05-9280-4abf-bcf2-66591c208711,4c93580b-e9f7-4a80-a8ba-daea3b5baeca,2024-08-16 20:09:41,Uptown Gym
8d988401-b485-406f-8516-41b1d5da2607,f062ed3c-f33c-4b81-90c6-07b471b5fc10,2024-06-13 15:42:35,Downtown Gym
30c6a402-4157-454e-9428-e9f38dfbfce3,5aa9f01a-3d05-4856-8145-dc16f10e84c9,2024-12-04 08:45:18,Suburb Gym
f6fc4d78-cb09-43d0-8596-a3022175408a,b6564146-ebd9-49ec-885f-585dfff425d6,2025-01-29 19:06:31,Suburb Gym
6d415ca0-c51b-4850-8170-495acfb44734,eee64c5e-bac1-406b-aa80-250a9e37c040,2024-05-16 22:56:20,Suburb Gym
d797be6c-0ed6-4f73-8487-f9d055a8c65b,44c4d235-2a50-4ebf-b11a-c22caeceaecd,2024-11-04 23:56:33,Downtown Gym
ce7f2d79-d72b-4517-821d-0428de9b2bfc,87aea55c-0ec3-4e79-8222-434b732bc152,2024-08-18 17:10:22,Downtown Gym
36ce2641-64cf-4372-bce1-48c7ab510106,82e9edba-1a73-40fe-83e4-529f1a63630d,2025-03-24 04:32:39,Suburb Gym
6b518a90-9432-4667-ae1f-a612f3b8169a,2f196335-6858-4bbb-a96d-159a0aba613e,2024-09-16 02:16:41,Suburb Gym
9c08658f-8738-4620-b744-dc11854f1f18,51cfe1db-d9ce-456e-b3bd-e893c7742de9,2025-02-11 17:13:53,Uptown Gym
620d122f-d946-4a8d-9b6d-4e59f213feef,006153be-4519-4d9f-b555-bc0d6ff19579,2024-05-28 08:37:13,Uptown Gym
0aca9342-8e0b-463a-953e-c5b610922ce0,78ba4783-ee12-432d-88db-f6e50bdccfc8,2024-06-15 16:20:59,Suburb Gym
269ae620-7d3b-4919-9e3a-aa2de967f005,847b27bf-d5cf-4b94-ad5e-33d94aa235a4,2024-06-14 02:13:32,Suburb Gym
815d8b23-d79b-4c61-98ea-502e95daa57f,cccaee75-0570-4fcb-9167-d6efb3b3ea1d,2024-07-24 14:22:50,Uptown Gym
8b26ddd9-77eb-4382-80fb-89d6888e7e9a,0d3d3e40-d6de-4770-b13b-26e14e714d85,2024-12-02 01:35:59,Downtown Gym
cacbc0c0-6c3f-427b-967e-91876e487f1f,8a888eca-6b76-468e-ae26-7e3db20d540f,2024-06-02 12:30:08,Downtown Gym
dadf0406-1be6-4076-92fc-4e1113fee6f2,cf73ee90-dcde-49c9-8dae-3ca480847045,2025-04-21 05:40:23,Uptown Gym
2f195d01-97b8-4092-ac53-8a8c019f600d,ea545888-9176-466b-9388-684dc4f02e28,2024-11-02 21:35:37,Suburb Gym
ba0cae3c-e912-4c51-9064-5a15d7e12ee3,f804fe9b-ba87-4368-983a-0520c3f790a6,2024-06-12 22:16:39,Suburb Gym
1d46eb3e-54ec-4500-8c05-cdb5926b23cb,3fb86323-c6f1-41ad-b114-bda5cc26283d,2024-08-15 13:54:09,Suburb Gym
2a8de911-709c-4970-9841-f2162f5d8fa6,75d53d3d-8743-41d1-affd-7c4c15ba150e,2025-02-03 15:33:32,Downtown Gym
7cd94ed9-d606-43ad-aec9-532c3f900cd4,0d14b567-fdb5-4196-b0e0-aeb6f55ac8cc,2024-09-10 01:09:29,Suburb Gym
8ec6fb24-5655-4467-aee3-1a4bb194d833,48a75be2-a77b-497a-85d6-9ce3003bd10d,2025-01-06 18:52:58,Suburb Gym
23aa97ad-5241-430a-8b7a-c4b699c8b9b1,94479f16-d55a-4339-ba1c-5fc3c44f103d,2025-01-28 16:43:14,Uptown Gym
cd2bfff4-5006-406c-b7fa-7706a58a3532,36f7f676-62fa-4efc-a0db-9cb694d8b7a5,2025-04-01 21:46:08,Uptown Gym
03074b9e-9108-4694-aa06-63e8e77f79ab,0b7fcd2d-07f7-4438-95e0-c77830dd78d0,2024-05-28 22:31:38,Uptown Gym
98f2fa18-6858-4be8-95ac-102d7a500a8b,70ca2765-7f5a-4628-9f78-26c7dc437aae,2025-02-03 13:18:07,Uptown Gym
703e613c-cf1a-4ae2-90b3-5891bde9d6e9,d6aa5e80-ac06-4f74-a9e0-87eed2694e2c,2025-04-11 06:35:31,Suburb Gym
cecf90b9-677e-4f91-9b88-69fcdb359120,afbdf73b-6d60-4a70-881a-b5ab347b24a6,2024-08-10 05:10:29,Uptown Gym
ddc3308d-7be4-4963-acd8-c007dbfdfc35,cda960d9-1870-4bc6-b512-4d5019b03647,2025-02-01 10:59:33,Downtown Gym
12c8ae43-965b-4732-b9f0-f125ee05e08f,76c5a6d7-fb2d-4ff0-a84f-7bbe0f9ca0a0,2024-05-04 12:03:56,Downtown Gym
b1304261-f847-4037-9d3f-a91f771baab6,8b14c835-1527-4108-b3c5-362f32890835,2025-02-03 04:52:01,Uptown Gym
91021dee-04c9-4a89-af9f-c48006f9e7b5,bf6b67ff-d52e-4409-99cc-cf4eaed80390,2025-03-05 10:09:36,Downtown Gym
5db62f8f-0f48-43c1-8026-17d1c8bb13bb,d45cc2b9-6da2-47d0-a7c5-46742687a84c,2025-04-06 02:48:31,Suburb Gym
b5db9372-b931-4599-a8ab-43a7b9c3df46,ccaecfa9-095b-4764-a0f5-a6252f9763fc,2024-09-28 02:48:32,Suburb Gym
ace5cd64-ce20-49f5-9870-560cc9952494,29b6fe94-f2c6-4e68-99ca-d9aff40803b8,2025-03-06 22:08:33,Uptown Gym
704e81fe-b757-4ea0-a1d5-8f6c6fa1827f,23559a6f-c68b-4618-8be4-f6e5c8134941,2025-02-13 17:18:07,Downtown Gym
083bdc2f-005b-40f8-bedd-6257a777d73d,94cce6ba-3fb5-478f-9b8a-ee80bed40eb2,2024-09-11 11:14:21,Suburb Gym
ba7400aa-66e7-45b8-9e4a-9305cbcd87e4,b0ab3d50-aab9-4627-865e-ceb6a290e4fe,2024-07-21 10:43:23,Uptown Gym
c5852799-2aa7-45aa-af83-f95122c4220a,cb3c31e7-1f3b-4d02-8df3-008630d85b05,2024-08-14 05:57:41,Uptown Gym
d944e176-cf73-47a4-9d1d-e245e7e0ad34,2371581a-f119-4fd9-bb87-9cb2941134db,2024-05-07 14:00:03,Downtown Gym
3872f0f2-16b3-4b7a-b7bd-9fe757fbb267,f890632c-ce86-417b-b179-6541b352bcaf,2024-06-24 15:21:23,Suburb Gym
79425430-9205-4e6d-9b02-365281eed5e5,a4426fba-6103-41e7-be48-711ee4b1bb0d,2024-12-17 21:29:00,Downtown Gym
958018dd-458d-46fe-a49a-ae55249fd1ce,aeef9b63-6025-4135-9178-fcc74afa0e63,2025-03-17 19:10:26,Suburb Gym
a11811e3-d1ee-4a99-ab2e-6cf062ec7526,2576f383-9b04-4f94-b20a-a3f92d32673a,2024-06-30 15:10:43,Uptown Gym
c6c3c76b-8c11-408f-9703-5fb002146483,9ac6d190-0344-4f65-9b57-90ce3acbb188,2024-09-20 21:17:50,Downtown Gym
066368f2-f3fd-4fa0-ae79-3a0a36fd032a,ab12f9df-5d87-4918-a990-4fce1601a6ca,2025-04-01 17:41:43,Downtown Gym
d1a229e7-77f4-4102-a5f7-b0368e76714b,0bab478f-fd04-45ee-a878-c5e543c78592,2024-09-18 05:59:02,Uptown Gym
9849da08-87e2-4c41-a097-3da131bb4659,6a0950fe-f571-4a26-893e-2dfa658b7fa2,2024-10-31 01:26:31,Uptown Gym
25871e92-76bc-40e7-95db-72382182b0ef,556ae1eb-9cd6-4d6c-a512-993433a78461,2025-03-17 09:20:58,Downtown Gym
83599a48-4d29-45a8-b387-13fac0c9ef25,57671715-1183-4752-8569-142f6ff25d7e,2025-01-09 15:26:22,Suburb Gym
c6371d83-9db8-42ab-b5ad-4c3d35f3aba7,8c6dc290-fe36-4ecf-87f4-caf0ab1ff6e2,2024-07-14 21:52:04,Downtown Gym
0e04865e-cb91-4bd9-b2be-2e888c42b214,2643923f-a087-4050-9297-c11afc381fb6,2024-06-01 08:54:41,Suburb Gym
f46c150b-b635-46c9-a00a-48570ac6dc8a,c6892bf3-0308-4287-851d-8d9703823f3e,2024-10-02 15:08:43,Suburb Gym
76f3d29f-6f91-48ac-940f-54863998662d,f492662c-0b5e-4df4-922a-18958286875e,2024-10-14 02:32:52,Suburb Gym
5ba74bde-d089-45a9-bd18-1c6428f876d5,480dc6d1-6989-4a41-9e9d-8a28cb185691,2024-11-14 05:20:49,Uptown Gym
84a83c94-78c9-4bdb-8329-082f15397fb0,e09c8c32-e3a6-4249-855c-00a53fa71f62,2025-03-05 12:55:09,Suburb Gym
b7ccff9a-71d9-4d11-b6c1-0125bade2af2,791aa76d-6d49-41b2-95c9-9e96ff74f346,2024-12-24 20:39:37,Suburb Gym
fdc507b8-95f4-49fe-ac85-c98a8250bd58,03f3e9bb-5fc2-4994-8d0d-acde1c2183aa,2024-09-02 23:19:48,Downtown Gym
2d3e991e-7759-4745-8712-1a806a7b53b5,2903af1c-134b-4a60-b1ab-5ce5ddf489f8,2024-05-02 05:50:48,Downtown Gym
fc75fe85-3741-4809-95bb-5e36aa2cb5da,f43ae277-1102-4bbf-b69f-f4e23a8ee238,2024-08-18 13:16:22,Suburb Gym
4ee0f774-f08e-4c44-8a2b-05b8ca248293,ae2eefc4-87ea-4660-b1ef-db057218c7c7,2024-07-03 14:25:47,Uptown Gym
7d2319c5-0dc9-4ef6-8d85-3fe320a637d4,b7c32997-5be9-41bf-8582-48625e9a20cf,2024-10-30 13:12:05,Uptown Gym
613a592a-eea7-4560-84b9-500d18e23dce,576f9e14-3144-414c-8790-aa30edab5dfb,2025-03-27 07:06:29,Downtown Gym
466e258f-3795-46f9-b3b2-1609b79fbdad,b01126ad-a383-40ed-9e81-87bb066e29b0,2025-02-10 22:35:04,Downtown Gym
324eab7c-daf0-4bb9-bc6c-45308b353ebc,783be697-a475-4ead-922f-19c52c13f3a5,2024-08-01 23:20:50,Downtown Gym
592b26fe-16e6-4c72-85c5-38f346ab51b6,c3de2907-dcba-446d-9d20-bd5bacbfc494,2024-08-10 04:11:46,Uptown Gym
eb3b101f-be0c-4587-a600-1696b41e83d1,b082b600-2785-4207-bd46-e3460801c320,2024-07-23 03:05:24,Suburb Gym
9aaffbbe-5d90-4be9-b355-fdbfaad77413,dba05eaf-4b7f-41d2-aacf-bbf9c97f5805,2024-05-18 00:14:36,Downtown Gym
fcf1e3a9-416d-41fb-9404-cfbd76fb687b,9356b619-c5b6-480d-972e-1830ade5c291,2025-02-04 19:37:51,Uptown Gym
b70593f5-15ee-451d-bb63-bbd8175aefea,74cf0c1d-ed1c-469c-9451-897d199b9a2b,2024-12-09 15:35:00,Uptown Gym
5cec09f9-f73e-4f68-8c78-6b518b152294,53e68b49-9b6f-4c82-b226-62b29e4812a5,2024-10-11 10:27:42,Uptown Gym
103c30ed-bbf7-470d-806b-345f58c859f7,aa9d708a-8fd8-451e-8c16-1ef90e99d530,2025-01-15 05:16:52,Uptown Gym
9d1f0d95-0004-4cf1-90de-7a50247eb51f,a2c21c50-eae4-4792-abe8-5870c1a6af84,2024-09-09 17:14:16,Suburb Gym
51359514-c0d0-473f-b378-cf05ccb4f442,f82888b2-552d-45a7-bb48-a16d601d35a5,2024-07-30 21:57:48,Uptown Gym
6a6ab9b7-2383-4241-b176-7c355342d33d,3aae7d52-9541-4bfa-9080-55090a62807d,2024-06-13 02:01:45,Downtown Gym
e70d7940-4fb5-42f7-a0bd-48736ad72232,60be0181-e3a0-43f5-b1e4-87861f4b1afd,2024-07-17 11:05:51,Downtown Gym
9fd678c0-fd3b-4937-990b-a50c994bdd10,6a3b8501-e889-41c2-87cf-3a4874db2163,2024-12-02 20:26:43,Uptown Gym
c2d4d756-2f07-42bb-a9de-b39e6554e81d,62960c77-45cb-4faf-9c70-dd416dbb96b7,2024-10-14 13:28:55,Uptown Gym
9ea1cdeb-3c5b-4caa-9d5a-52a240aa6a8e,1acd0be8-4ab3-46a9-ba7f-1405928f1be5,2025-04-11 18:47:02,Suburb Gym
01ddca02-8cb9-44b4-9070-55a92d01e54f,b3d8466b-4be4-4ec6-83fc-ae331a9d7b56,2024-06-20 20:38:39,Uptown Gym
73090b1e-e680-4e74-888e-325823d21d76,9b9fd4f7-b869-4765-af66-5ba02644dfc8,2024-11-06 16:22:02,Uptown Gym
1f33c188-9dda-410a-9446-3fcaa523ffcc,0a057c61-a00a-45ba-ae4a-5ab2c4c11bc9,2024-04-24 17:58:41,Downtown Gym
4f0ae032-b74a-4690-9509-3d044b9b7d10,65b6cc1b-60fc-49c8-98b6-76c46730bcd8,2024-06-01 06:26:09,Suburb Gym
52478300-baf2-4940-bfca-070762b65e74,2cfe2820-e753-4759-98dc-8d3c551868af,2025-01-24 04:19:02,Downtown Gym
b2d484db-2fbe-422f-9cc8-af4ec4909ee0,123df4b0-2b75-4a93-adab-505ddb28bfd4,2025-02-03 06:45:43,Downtown Gym
a31c6f86-58e3-464c-a8ed-4247ece92414,dc2d58d6-820d-4e99-bb62-e9941d8b7283,2025-02-07 19:31:17,Uptown Gym
23d87057-e9af-4d50-8236-be9232ec98b1,f6a8b706-2974-4847-a662-1586553b6acf,2024-11-24 15:52:40,Suburb Gym
3fbfe95d-7a40-4444-ac97-cce4a9ce1f27,6e180dba-4cc5-4727-8655-3edb21ea4b2f,2024-10-30 05:59:49,Suburb Gym
20a40d41-b300-4d54-93aa-bb406f331d83,955ae5ec-71c2-486a-a896-dc28902892d9,2024-04-30 05:01:21,Suburb Gym
c8aaa16f-22e9-49c3-b86b-5733dd1f44a6,a875cc7a-75a7-4aa9-a282-6091d7b82f76,2025-03-05 15:45:24,Uptown Gym
413e0e0c-fa2a-48e7-9484-0f77204e9b33,9356b619-c5b6-480d-972e-1830ade5c291,2024-08-31 06:52:00,Suburb Gym
07314e14-4fb0-4e16-91c7-9c4b0ccb571d,8cdc4e68-866c-4e9e-8667-026fa3f47528,2025-02-01 04:00:23,Downtown Gym
1fecbcc7-b633-4c84-ae23-17d95b2aac21,a3948da6-b52d-4c06-87a4-ba833333becf,2024-06-27 03:55:44,Suburb Gym
19f9a47f-8710-4a72-8ed6-d9002cbba575,e8acec73-8b9e-4fa3-97e7-5c1a4aba79c7,2024-11-06 00:25:03,Downtown Gym
1b54d51e-8e2c-422b-995d-637dc0fb0699,a9cf5634-e59f-4926-8951-2f97818b9038,2024-07-29 07:25:32,Suburb Gym
47a4a554-f795-4787-a063-08b2a4d8e28d,bd9110f9-408c-40ca-b0d4-dcdf98fa38ec,2024-09-05 18:03:28,Uptown Gym
5abe9ca3-bf6a-43e5-8eb5-adf671806d2f,808c53c3-f189-4585-814a-d60cf09eed92,2024-07-21 06:29:08,Uptown Gym
1b05e599-7690-4c5c-b0e9-46f416ae63ff,44dbaa5a-58f2-41fd-a0fb-6f3376e263e2,2025-01-02 09:03:54,Uptown Gym
2da480d1-fd88-459f-adfe-3c1092522c56,46604b54-7ea9-4ebf-9fb9-b309e7c94e8f,2024-05-27 08:55:20,Suburb Gym
8c9d33b4-cf6c-4d97-b4aa-b037a7289897,712ce422-8241-4961-91e2-f76addf2094e,2024-06-05 16:18:02,Suburb Gym
432c27e8-3bf0-46af-b3ec-0804c47b1d46,df6c1a34-e15c-4416-b7ae-c86740bfffd8,2024-09-06 18:49:16,Downtown Gym
098a5f55-485b-4f00-ab8d-5efd379efb7c,578e700b-cb15-4eb3-a045-a37d0f0db816,2025-02-13 05:41:29,Downtown Gym
cba3d2b3-80c3-4633-bc69-0c062b77bc40,1400e37f-c176-4d52-a038-d2527098a7ce,2024-11-12 20:28:16,Suburb Gym
adcae171-f1da-4b6d-996a-2df6f9292255,209b86c3-3a12-4665-a2b2-dac330992ae9,2024-10-14 18:43:57,Downtown Gym
b403266a-f16c-4b1a-bf60-64ffb4be1ca7,0d3d3e40-d6de-4770-b13b-26e14e714d85,2024-05-07 22:38:02,Suburb Gym
5cc4edcc-5929-454a-b814-6214e0a2bcff,834387ac-15af-4c4c-9b7a-9242cdcfd961,2024-10-15 05:05:53,Suburb Gym
7a6b6638-89d1-40ce-b211-56658145123d,58838a66-a9be-4502-bea0-2387e0d52628,2024-12-10 06:53:25,Downtown Gym
c6aa6ee8-9a75-4e82-b473-5e5b45f0db34,4ca863a0-afa3-4fbd-aaa7-74b90e98e271,2024-05-21 23:57:03,Downtown Gym
58c69d09-88f5-493e-bb90-c2127d6a9d90,bc8f392a-1ea8-4f58-aff8-e9550ff7e6d9,2025-01-03 14:46:55,Uptown Gym
7d599267-b3cb-4226-8e7b-f6b6be04bb05,3bb83a9c-de12-47f0-91f0-e6aa0a524b33,2025-01-07 11:24:04,Suburb Gym
4acfbe6a-12c9-447f-8273-164ab01617f9,3ba3e635-47fd-4f5d-a2a5-9fe83429ee92,2024-08-01 06:18:11,Suburb Gym
181c2f02-602e-4695-87cd-e4a4ed6ade01,0871efb8-475d-4f8a-aa7d-c557fa567005,2024-11-21 19:14:46,Suburb Gym
6730f1ba-fb89-4dab-be08-394507461a78,776155b6-0877-4d19-85cd-93fa3a2f38a3,2025-01-18 15:43:06,Suburb Gym
113e3d03-d5b2-4be6-a06f-34b9c37ca1ef,e1f4b71a-0c9c-4d0f-b2ce-12f7f7a8ae5f,2024-06-01 07:57:51,Suburb Gym
1a5ea52b-000d-4b12-a46d-3568769a5b96,f4fc89c4-7ada-4c5d-a51a-102cac38b13b,2025-01-16 00:15:58,Uptown Gym
ad0dd1e0-8a73-4a97-b1f4-3c8570e8a8ca,aed10241-ef3e-4f66-88d0-c39e94efad58,2025-01-07 20:41:15,Downtown Gym
2951b85d-3c37-479f-9ef9-77fd5e95a656,572c444c-47d6-4a78-abd3-a801fd55c03f,2025-02-19 19:30:58,Downtown Gym
25808e85-e74b-4c34-9dce-d6f4bf682883,4c93580b-e9f7-4a80-a8ba-daea3b5baeca,2024-07-03 13:34:03,Downtown Gym
ba80471a-9d74-4212-9cd9-f59acd960278,abcd6773-82bd-49ea-b911-583baa8cf190,2024-12-11 09:54:22,Uptown Gym
77d0ea49-6f18-43e6-92df-388df0c62f08,7c967313-149b-4fe4-be9e-0cddb7462dc9,2024-11-08 13:52:35,Suburb Gym
f7feb90e-501b-4438-808b-f4cff6e4a4df,9ee1e4a1-e8bf-4378-9a0a-eb01042fa31e,2025-03-11 05:11:21,Suburb Gym
59b334f1-c6c8-4bd6-9c9c-b65a5dff65ad,47a3d55a-9afc-4b8a-aa65-f7ecd31a17c4,2024-06-23 18:04:55,Downtown Gym
828a479b-605d-477c-ab86-9a4fe730be3d,113de823-eadc-4cac-9ec7-8d834323920d,2024-12-02 21:31:12,Uptown Gym
2ffdefbd-6002-449c-b80d-6d1694ebad4c,921c89f3-178f-49c8-82d1-551f69b8b3b9,2024-11-06 21:53:16,Uptown Gym
03f469dd-7e91-4dda-a7e1-7198bb3670b3,0fcfddbe-259f-47eb-8e4b-75c9a86df33b,2025-03-18 16:25:35,Uptown Gym
4b06d200-1d2d-4d8f-8ffd-86a189e94bec,e5ca4a92-f2b8-40ed-ada9-6cc8bde34ce3,2025-04-08 20:25:20,Uptown Gym
09653422-7d47-481e-8135-4dabc721dfe2,0cb23159-ca47-40af-8764-b0869f412b83,2024-05-20 08:25:02,Downtown Gym
1e713233-0628-417c-bfbe-d19d49cbb7d8,0cd90a7c-702c-408d-9d9d-7b85a782c228,2024-12-21 12:55:29,Uptown Gym
e33e24b3-a360-486d-86bf-13591648452b,b1593428-9ccb-4b01-8363-301a7f1d8e9a,2024-04-23 20:55:07,Suburb Gym
c0b336fd-d4a2-4f55-9e87-72a6b4b8f433,1753a5cc-b67b-40a0-895b-669a703c8d21,2025-01-30 05:56:26,Uptown Gym
6eaf7fcd-a620-4c2f-a3f0-f1137e2e3dab,324d6151-a75a-46b2-b271-216b37ee3cdd,2024-11-07 07:02:04,Suburb Gym
d2fe8a55-040d-470a-b1e7-c362ebf46406,82c1adcd-39fe-459a-93d5-5ce42fb2460c,2024-09-21 13:26:40,Uptown Gym
75649ce4-0570-49f1-a5a6-6768c981e9b1,f179229f-a700-42f9-a721-7a17dfe22d30,2024-05-07 06:51:07,Suburb Gym
425e1844-d773-4e1f-a84a-0eda59b3ffec,6df69641-ff64-44da-8ef8-e2c77b7bb51c,2024-08-17 02:46:01,Suburb Gym
a1191c10-e27f-42b4-8757-7e0802d3639c,28e8fcc8-1ccf-4300-8a83-e697050508f5,2024-08-03 16:24:43,Suburb Gym
883fd9a5-b80c-441a-8f4a-41b0e0bf9bfe,1c03a4f9-a45d-4eb9-8409-2d092eb37db1,2024-12-22 00:36:31,Uptown Gym
7c91bcd4-fd09-48ad-b846-3a1d13cc5a07,edfed27e-aa98-4bfd-b5e5-6588cd067ed5,2025-04-11 00:23:26,Suburb Gym
fce5e436-0fef-4200-a512-3912bef93c7c,042329ac-c464-48cb-bdc4-99010af3ed04,2024-05-29 23:36:38,Uptown Gym
6f82d017-3c15-4c02-9892-c9bc89abf51e,702e4a24-b937-4bef-9d8e-96dfdccae692,2024-09-02 19:21:10,Uptown Gym
6a47875a-9081-4799-a67d-9ef1cc913930,c4681f5d-9bac-4850-aec2-631a944468df,2025-04-15 23:11:05,Uptown Gym
b6851c4b-590b-4dab-a727-6f83037ce276,c5602844-dc86-47b4-8339-3ae4a43d468e,2024-12-06 07:02:53,Suburb Gym
33c83a42-9c25-4f2b-a440-8aebb3006966,971699bb-2253-48e8-be68-7d5cb6fe0da4,2024-07-17 05:26:44,Suburb Gym
6aa72a18-aa6b-49e0-a7c5-b5222abccffa,26a42ee9-e22f-4330-aba0-a613a54c11e9,2024-11-12 06:52:07,Downtown Gym
35a2ebf2-b17d-448a-b36d-58db697d8df4,1187b43b-464d-4979-93a0-001234922602,2024-08-26 23:08:34,Suburb Gym
39ee2e06-17b5-42c0-9736-87a700baae04,da2c6b8a-8ad7-4717-b31f-dea2a0f332d3,2024-05-12 00:15:38,Downtown Gym
28aaa34e-59ae-42e4-afd1-789bc2e786a7,d6749a58-dc41-43d6-92d5-5f86c48a2254,2025-03-19 05:18:40,Downtown Gym
7a100137-fdeb-4b08-ad13-a9963446328b,e8acec73-8b9e-4fa3-97e7-5c1a4aba79c7,2024-12-07 01:06:19,Suburb Gym
1dea22e3-41e1-4568-9c8a-40f107df17f1,d9a05f7b-74a2-465a-a2af-58b17c4adbb6,2024-11-16 04:15:24,Downtown Gym
dacaa702-7f1d-4e14-86f0-5c15ea4825b7,7453fcb7-364f-4815-9e22-db8d6b8e64b6,2024-05-18 19:42:34,Suburb Gym
74b71841-8679-4603-8512-477d7fd33bae,786e519a-3760-4f70-ac9b-7b892e77aeef,2024-11-10 13:17:38,Suburb Gym
1377e458-d69d-4c20-9525-be58662c5369,5b52ea5c-99d9-4fd8-bc3a-839eb46fb852,2024-05-17 14:41:15,Suburb Gym
ffebbf1c-7fbb-4ea8-ac96-656d481ae122,1ab47846-2718-45f4-b757-8f6be8b70f9f,2024-08-08 07:19:32,Downtown Gym
79d968c1-5930-48ba-9aa7-9c5a25e26ec2,c06f12e3-733a-4ffe-a1a7-394ecd0e1f64,2024-12-04 11:29:50,Downtown Gym
686ae24c-5206-4852-9754-0bfca529874b,5db5476b-34ac-405d-9ba5-25659591d171,2024-09-14 20:12:17,Suburb Gym
9e23511a-5523-4ce0-9962-94a9fce0a8de,f430e389-0769-488d-b7a4-f2b446e8cea1,2025-01-16 14:07:20,Uptown Gym
407ba2e5-3c9d-436b-8337-2a3f89839f92,6413ca51-b62f-4dff-a96b-2183c090e93d,2024-11-27 13:29:27,Uptown Gym
15575e27-9499-4bc5-ad2d-66dc231305ff,4e7ff3a4-5534-457e-8435-05caac6e0177,2024-09-29 13:31:07,Downtown Gym
83bf6a2f-8860-474c-a297-67815edb033a,16d09083-53e5-42f8-80d8-090853616ba7,2024-08-04 12:47:26,Uptown Gym
00b37d73-a141-4e73-89fd-9947a733e137,d1465a56-ce29-4e91-b5e6-0b401499adc2,2024-12-27 15:47:59,Uptown Gym
78b299aa-4a2d-4c4a-b916-77015753f95e,8f83f1e5-6a92-4991-bbdd-ed98d6692a1b,2024-09-09 11:20:32,Suburb Gym
67b0c55c-2d6b-4c2d-8069-36728efacc21,229e4424-c637-422d-a3d2-204e682410fe,2024-07-12 14:29:20,Suburb Gym
24cf71ce-150d-40dc-88b2-e73f958bb004,fe308747-3092-4a99-b70a-80131f0b0c5b,2024-07-23 19:56:04,Uptown Gym
a2ecac5c-a22d-4468-b9fd-422f659f5efd,e1a412d5-724d-4e09-826d-6af13681624c,2025-01-30 09:43:26,Downtown Gym
39888f67-e384-4b20-b459-3c6dbdf57171,7e6b90ff-8fe8-4494-a575-335f02dfddc4,2024-10-15 06:44:26,Suburb Gym
8b65303f-5981-4c4d-a814-6ad757a2e750,7917fc15-7013-48f2-b272-8fcf3e278c41,2024-05-28 11:09:31,Suburb Gym
7db77740-2c66-4e7d-a069-b57576a95782,dcb659ed-2388-4a84-9a7c-c761aa60ed01,2025-01-29 18:51:37,Suburb Gym
0ac5b174-1fd8-415f-bb81-594d78dcfb89,d1465a56-ce29-4e91-b5e6-0b401499adc2,2024-08-22 17:06:59,Uptown Gym
824ee5db-3442-46b3-9a13-77d12084add8,4e6f7014-81b9-4ea6-b917-f6c6e15d2643,2024-12-05 17:06:27,Downtown Gym
7747d114-c52f-4d9e-b815-f2a090774aa8,5e2a5fdf-99a7-4a5b-8b9c-dab2214e9673,2024-10-20 19:31:20,Downtown Gym
17dd393d-e3a3-4c3c-846f-c4f4e66c2734,0105ab9c-5b9f-4867-92de-00139b25115e,2025-01-30 03:57:37,Suburb Gym
1a4ced57-af43-41b7-a12a-50c6421cbede,d1dc958b-0c84-4dc4-8219-56520dbb3d4e,2024-08-01 05:40:26,Downtown Gym
1374e408-a1f0-46d8-9ab2-d218a7615774,a9ebb391-f8bb-4fa0-89c0-ac9812d2cf6f,2025-02-24 07:09:50,Uptown Gym
a202a99b-a950-45d1-b645-8d5b6233ffbe,7f824229-3d45-45d9-a760-3aa76fcfc63f,2024-07-19 14:33:32,Suburb Gym
eada99e6-2c14-449c-9723-5fbdc802df63,43481210-98c6-476f-8286-5d05788ac771,2024-07-19 10:46:03,Suburb Gym
d745fde9-f0f1-4f18-bf04-25fec08b3829,16ea3124-8ff2-49fc-b628-75489d908ab0,2024-07-04 07:06:53,Downtown Gym
a5001e1e-d1b4-487e-ab62-0e389d9424df,99b54c96-8c73-4032-a679-3a7707bec369,2024-08-15 03:28:11,Uptown Gym
3f392e94-d039-4c35-92b2-9cfd90a86e83,3e294b6b-f1fe-4d13-8510-5646c1696fa3,2024-07-11 02:36:41,Downtown Gym
4666070a-a071-4c01-b7d2-0dd7f7c0abae,20e8c06e-3ea7-4e27-bf4a-bd61911385c5,2025-02-24 09:44:00,Uptown Gym
90f90796-de24-4115-b016-848efebc0cd1,4e425509-d365-40f7-bc2a-ac1c87d3758e,2024-08-05 04:36:10,Suburb Gym
67d33987-9fbb-4a3f-99eb-700e9a9dfd87,6da74d77-d189-4dd1-ad4e-16563cb6fc86,2024-05-18 21:45:02,Downtown Gym
d8454cfe-b35c-49de-a52e-3cd82804d463,a49d9eaa-93a9-447a-8d22-072c7c80c5d4,2024-06-08 14:20:31,Uptown Gym
29399178-1b7d-424b-9792-9f982053ddd6,62960c77-45cb-4faf-9c70-dd416dbb96b7,2025-02-14 19:56:08,Uptown Gym
8d0edc73-1cb9-41f3-b098-5877d1cc6700,07040de9-e13a-43ef-8d6c-b7c7c39704fe,2024-12-20 15:16:22,Suburb Gym
9e549cdc-8dda-4de9-9047-8fa75590f163,3162304a-ea8b-42a9-b331-fdc8eafd6ebb,2024-11-03 13:19:45,Uptown Gym
af71336c-a564-4e41-854f-fdd67b185db7,762a215a-ec30-4d98-8f52-a946a55d67bd,2024-06-29 10:59:44,Uptown Gym
f818a63f-a2e6-481e-9c25-2daaf692547e,18300f53-a284-4003-a964-c87484fb583b,2024-12-24 17:09:33,Uptown Gym
e97c6aa7-c636-4af8-9753-dbcc49dec29a,a95d5110-a076-4562-a0d4-000e3557c89c,2025-02-02 23:53:35,Suburb Gym
80e1f745-a26e-4eaf-a671-bd53851f8120,c8375a2e-0a31-4110-aaed-7ad1b3970f2c,2025-04-05 19:40:48,Downtown Gym
4f87aa71-fae8-457e-9fd3-cd835a5c1ecb,b4a70cd2-6811-46c7-8694-b7b9052c9ae1,2024-09-09 07:24:58,Downtown Gym
35cda324-d40a-4a1c-8b84-949eee4de8ec,16f6204c-2a7b-47e3-aa01-708e74ec238a,2025-03-09 16:15:07,Downtown Gym
bfb1bce3-aae7-458b-8961-a5cc49a5c334,74e5cf87-284f-440f-b0de-62498e893407,2024-12-27 11:55:20,Downtown Gym
88a10bea-4109-4bc2-bbb9-90e2601cc7b5,1c8560d9-5a5f-4716-a664-71e3a1b90c2d,2024-05-31 04:32:53,Uptown Gym
b7fa7912-3dc8-4d7c-9090-ba90929da089,fce6c41d-7916-4504-bc12-ba4e1d476b77,2025-04-18 07:45:30,Downtown Gym
bde5933e-058b-4751-95d4-b0702c2cc522,9f786a11-fd40-4969-8799-1b1990e7f636,2025-02-21 07:14:20,Downtown Gym
297a48dc-f43f-47c4-be6b-a4e3c401eed3,b8b34f68-a3fb-46ae-bd3d-be7b54543f39,2024-08-08 00:24:52,Uptown Gym
f67cb440-696c-4683-b06d-252f39791f55,41647a6d-feb0-485c-ba1c-65fa0d16859b,2025-04-18 18:35:05,Suburb Gym
4a8fde3c-5bbf-4263-982d-c2eda0f3f6e5,2b103a9e-14af-4921-af54-31ecbd362e90,2024-11-14 16:07:35,Downtown Gym
e9facaae-1298-45cd-bec6-68268ff875d5,f4fc89c4-7ada-4c5d-a51a-102cac38b13b,2024-09-23 11:53:00,Downtown Gym
1b95bb0a-1c65-434a-bbe3-a2fb5d4dd14e,66a1d434-491f-4338-a2a4-9a75b5b82dcf,2025-02-02 03:53:09,Uptown Gym
480365aa-8606-4dc3-a95d-0fef89ce27a6,2edb3536-7a72-43c6-bd46-fd69a45a2a3a,2025-01-14 00:43:53,Uptown Gym
40a0942a-b972-43ea-a150-7ee15829ad2f,e437ad56-40a3-42ef-8dbd-3e8cac47588e,2024-07-27 14:28:11,Downtown Gym
0d4f3355-a03e-4a74-84a4-3191ae46a16f,c553b0fc-959b-4d9b-ab9d-d40892106673,2024-05-02 00:23:54,Suburb Gym
528d9320-0c3b-45a1-b942-71b897c2014c,56a89f1d-62a1-4808-97f1-7f9513a50e1e,2025-02-23 04:15:56,Uptown Gym
b1720124-475f-41b3-918b-6fc41add80d3,593f8e4b-642b-4dc2-8644-bf1e63a4e366,2024-06-15 18:34:38,Suburb Gym
91a82011-9dc8-4535-9e4a-18f2f7f85688,595362bb-0f6d-4577-a003-db98a92f9138,2024-06-25 06:14:00,Uptown Gym
ed84aefa-b85d-4653-803f-dcdbbe6ba274,f85a6d4f-a32a-49f9-80fe-341927861f2c,2024-12-04 23:03:34,Suburb Gym
8a34a306-9cb5-47ec-baf9-b4f9087e9b59,bee15f41-4637-4f3c-ac7d-7344d6dfa547,2024-08-01 04:16:26,Suburb Gym
c8781946-7134-4799-b9c5-3ec920498e44,5f4ff33e-d57c-469e-8061-addb97888219,2024-12-27 06:48:48,Suburb Gym
b1c58bd1-c51b-42bd-b57e-53e580bdd700,edfed27e-aa98-4bfd-b5e5-6588cd067ed5,2024-11-02 05:52:33,Suburb Gym
3e7424b2-2348-428e-ad08-febd6b577a70,5364d7c1-fdc9-472f-9acf-5fa123ef56cf,2024-07-23 06:56:30,Downtown Gym
1fc7af28-c06e-43df-9962-221503e00704,1f30c2ea-8344-4133-a951-28b1f97f74a8,2024-05-14 08:23:19,Suburb Gym
14486450-2bfc-4eb4-b1f3-920b025df684,7bdd2a33-87a8-44d6-b975-afe1c0fee556,2025-01-15 01:39:53,Suburb Gym
1812c68d-5fa0-4cac-9352-385b4ddfc22c,44b26a92-86d1-4151-a74e-1cdb1d20bd62,2025-02-07 14:15:45,Suburb Gym
768c3eb9-d301-4c2f-bae4-7d8992a38ab9,c829b197-71b2-4584-bfcd-bc7c469d60a3,2024-06-18 14:13:56,Downtown Gym
9dc5c103-e57c-4717-b65d-92c811a49643,296642d6-0d05-42b8-aa25-c13ee0d77f86,2025-04-21 14:22:47,Uptown Gym
869a450f-0095-405f-a252-5c27d315f9c1,67fd321e-6a0e-4a5f-bcc5-9a0d591833be,2024-12-27 05:28:44,Downtown Gym
ff14e52d-21b9-4c91-aa41-824221125c87,df3f926c-3a4e-4732-bf5f-93ebcaaed863,2024-06-15 17:39:30,Downtown Gym
69bfe7cd-7281-4b62-8a4a-2f0d633ef54d,aeecf2b4-66fb-4629-903a-6182c9d06c66,2024-04-24 18:00:57,Suburb Gym
8ae90a73-040f-4ba7-a50e-77094e435d68,1db02214-c1bc-41d6-82c9-d92b371a96b3,2025-02-01 10:14:33,Suburb Gym
0c6c42dc-ef0f-4d79-b96e-fdebb9c99f84,4f78a98b-0b0d-4453-a543-92917ecdae1d,2024-08-16 20:59:19,Uptown Gym
87b6367b-00dd-4e55-9bad-7e21503ad389,08743307-48ec-46a3-b986-4e589d02d349,2024-11-08 17:41:02,Downtown Gym
19024618-f335-46b7-9410-d6668517bfa4,3662fa6a-9ecc-4c13-b3ca-c1523cf57ad7,2024-10-08 10:13:20,Downtown Gym
eaa3193f-8c13-41cf-9142-2aa044f80d2a,7a27134f-46f5-42e3-9ec2-99b72d776ff7,2024-06-26 07:49:57,Downtown Gym
df6b8b19-2900-4bec-a6ce-35bda17c8567,677d7276-68e1-4752-8634-62fa980a4f45,2024-11-11 17:19:33,Uptown Gym
227d7786-448a-4624-ab8f-a3d3ecaa6b5e,98a0b823-9669-4479-9bef-a7e91dd80219,2024-10-12 07:15:37,Suburb Gym
ec6bd5d1-32e2-460f-823d-2d83bcf7eeba,f9bbdf58-972d-48e1-b7cd-f3525cc187ef,2024-08-19 01:12:26,Suburb Gym
7bba5a4a-9f38-4f95-b7bd-fdae3fa10624,fce598c7-ad55-458c-8d3c-615559f9a926,2025-01-04 23:46:13,Uptown Gym
d933c726-b5cc-42df-bb39-5d2f8dcc0fd2,951bcf8f-f6f8-4173-a646-b5ac2627655c,2024-07-17 15:18:29,Downtown Gym
d7d935a5-b0b4-42ca-a7b9-55ee9a0cf9ab,3622cc21-816d-49ea-91fa-55e6c33e4f0e,2024-12-30 17:35:45,Suburb Gym
28dd9778-595e-4866-af85-9e4323b56ff7,9a2dbb2d-a18f-4b4d-8857-20e6de8d4a9f,2024-12-16 10:38:23,Uptown Gym
119287ae-f64c-4851-ad20-d86151f85be1,4004233f-3d67-4d95-82c9-319598f22cc6,2025-04-15 05:53:15,Suburb Gym
534b9e3e-0de8-4e3c-95c9-ea68bea10812,6e2310cf-d584-475e-aa5a-3730bd21791b,2024-08-08 22:33:26,Downtown Gym
00265bce-bcd2-4747-a8fc-3c572c552d6e,ee447ce7-151c-4dcf-b861-d90fdec9efc8,2024-07-04 02:57:53,Downtown Gym
562b030b-f66c-4f6c-a277-6c18fc7c3044,484318b4-3cc5-445e-91ad-f8bf8708a19b,2025-01-14 06:25:19,Uptown Gym
d6866f58-1b5d-4532-8bf1-259a716749bf,107b59de-ce60-4c22-ba1d-a9d39f596107,2024-09-04 08:43:30,Suburb Gym
f466380f-53ba-477f-87ad-56466b433a42,dfe6741b-a311-42cb-af80-523ed6e97dfa,2024-11-24 00:10:52,Downtown Gym
a46974cc-1c7a-478d-90fd-737469f7f851,2419208e-ab02-49d0-8e4c-19c736d9b80e,2024-09-19 21:22:10,Downtown Gym
9fe22a74-abe3-418b-947b-d3da0fd9c75c,a8657cc3-610c-447f-9028-c0716f30b8fe,2025-03-16 15:01:35,Downtown Gym
3d029d73-fd6f-49c0-84b0-b35eb2266d27,416c5b4b-9601-4d1f-9a1b-b5aaf79c4c42,2025-04-20 15:52:51,Downtown Gym
2fe3241c-7e27-4fad-911a-c24d664de9a2,3eb7d2cc-8c11-4ef3-81cc-f83e30e13ab9,2024-06-12 18:12:33,Suburb Gym
d2bcdf04-bb43-4bb0-a11c-26735122f4d2,ab444aee-e259-453d-9ca4-c49a22eafc20,2024-06-06 03:33:00,Suburb Gym
41b782f3-872b-495c-8849-d7e1a23118cc,d96d507d-9666-47cd-a196-738d67615347,2024-07-23 01:04:43,Suburb Gym
2d66d2ff-4bc3-48e7-90c1-3820a3362353,32ffdc81-7c14-47f0-a123-2b0578df07af,2024-12-22 01:40:12,Downtown Gym
a2f8ae5e-b84b-4645-a6a2-9a316e4a8d5e,8a888eca-6b76-468e-ae26-7e3db20d540f,2024-06-07 12:13:09,Uptown Gym
f859701c-42dc-4589-9b2e-479a0aa26773,72d23b86-5233-4a40-9e51-fa404eb35b53,2025-04-10 00:01:53,Uptown Gym
afc820ba-509d-434d-bd4d-18ab32966077,03ce9c7e-363d-424e-a956-cb96a1e0a2a6,2024-11-14 10:57:05,Downtown Gym
2a5b9ac2-ec0b-4469-a4fa-01dde8d176af,8e16147a-8a41-4458-a6c5-28600523f65b,2024-12-25 22:11:55,Uptown Gym
ef4502bf-8691-4f04-86ae-aeb07d5a4bd8,d26859b4-264c-4485-bdac-b13d43eba011,2024-08-04 08:49:44,Suburb Gym
76dfbbbb-c174-49b4-9ccb-99572897a67b,9c97f541-8481-41e0-a127-5335b22dffab,2024-05-22 08:31:25,Uptown Gym
a83e1e68-7319-43a6-8cf7-edc867f3cc9f,ed896193-c6c3-4abc-a260-0c87876cbe65,2025-04-02 16:15:45,Uptown Gym
733eb06f-1713-40a6-90b1-915cfa1ef320,a1134dda-5c3d-4922-bd6b-7286289be004,2025-01-25 07:54:07,Suburb Gym
87f6cdb2-8d36-46bd-af9e-51386633f7de,6e780b45-659b-441b-8149-adac623e6ad5,2024-11-25 00:16:16,Suburb Gym
46add635-1493-419c-9823-56aa8489be35,e5760428-dc26-416b-98b2-1911c1aa2e2d,2025-03-19 11:06:04,Uptown Gym
a7851691-233d-482f-8e5e-99d738dcda2b,e5fdc89d-3043-45a4-bf9d-319e56500c7d,2024-05-06 20:11:01,Downtown Gym
2720d651-852d-4699-aadb-4d63951bc32e,5e25fe07-0940-4211-a4bd-2a0867e73ff8,2025-01-27 21:39:55,Downtown Gym
7f39ba91-f233-4b0d-8505-e0978061aec6,b934d5c6-c315-494c-8c1e-edf83873e0cd,2024-10-23 23:01:25,Suburb Gym
16a04b20-8784-44b9-97ef-f2ad43325021,5fd05b36-0dc6-476f-b33b-fbad15181dd8,2024-06-05 19:38:14,Uptown Gym
997d579e-856f-46c1-9909-a4fb1326f77d,2d321282-d385-456a-93d7-3190adf2b639,2024-12-24 03:09:21,Suburb Gym
d241c2e3-1cea-484d-97f6-c381121d2bfe,971bbb1c-56ba-4810-aa03-50f1d5ab00dc,2024-10-11 05:09:28,Suburb Gym
7fc4bbb6-2d3a-4a91-97d0-fb4743b23605,e5602c8f-e188-427b-884f-951a732a35f9,2024-11-25 13:40:14,Uptown Gym
5ae41631-a930-44cd-bd72-a75e92dfdb5c,8c6ffe62-0085-4822-a889-1f003592536d,2024-05-10 23:37:20,Uptown Gym
c794929f-d8e2-405c-8178-923a2ea58354,c5602844-dc86-47b4-8339-3ae4a43d468e,2024-11-26 09:39:40,Uptown Gym
4e8a887e-ffc7-449b-b8f2-047a258aaf92,61be0f28-ed9d-419a-81fc-41ef970f3f8e,2024-11-23 00:46:25,Downtown Gym
baf74ed6-e202-470a-9ce9-ce309e1ab8e4,0bd42b95-d466-4ab6-b18a-cb21134298d8,2024-11-15 03:04:21,Downtown Gym
9cf8a7e0-827c-44c4-b321-afbc3a80f1fc,533ea1ea-ac97-4a86-8169-877202b64d09,2024-09-21 00:08:16,Downtown Gym
b0cfd214-8bc0-4b51-a6a1-d65d6e25b21b,656ef1f2-4367-4f13-bf80-c2e298bdee64,2025-03-11 12:14:38,Downtown Gym
b3362d48-87f5-44c3-a712-ecbc30881132,26d5fbdf-487d-41cb-a7f5-fbd6172c46dd,2024-09-13 19:11:35,Uptown Gym
69d9bf2d-a82f-4bfa-867b-3ecff270732e,f82ee385-fbcb-4a88-907b-b6a9294c1f72,2024-12-01 08:20:51,Uptown Gym
eb54dd9f-254a-4af4-97ff-fc4aaeab557f,2f1e20b6-07cc-4f6d-9d43-f1a7471f645b,2024-11-09 01:19:44,Suburb Gym
0fbcb212-8e9f-42b7-8426-f1ac3f917822,3abbcbbf-2134-476c-8c80-3ef074152e35,2024-09-05 03:31:24,Uptown Gym
5ccdf99e-427e-48f6-857a-1948a7c037f8,1bff5425-9665-403c-84aa-63887fbf829a,2024-08-16 08:31:26,Suburb Gym
63afbd8d-cfff-43ff-a292-0c1653212304,8b561852-cf98-4e4f-a3ac-c09706b17593,2024-05-18 16:30:44,Uptown Gym
a693a593-cc71-4002-a7d4-6f1c6ea0965b,32f01258-910f-40e1-9c5d-67a59d48bba5,2024-10-29 19:19:56,Suburb Gym
0c62f20f-ab5b-48e2-acb4-c62c81b056ce,a874d187-6507-44ef-bb72-c549f8b11211,2025-02-16 19:46:26,Uptown Gym
5fb6fca3-3056-4790-a4a0-e58eae1122c4,516f4fc2-eda5-46b0-824e-c94d377e9ee6,2024-07-10 13:19:52,Downtown Gym
4d8cdd3a-1315-43e6-ab79-db37d95819df,89461918-db47-4780-ad18-db17517a35b4,2024-06-29 09:41:17,Downtown Gym
464be06d-214b-4258-873a-8a54b7f87671,0d26b85e-f6fe-40a9-8633-1ef509742a4a,2024-07-05 15:30:25,Downtown Gym
3a4a4e10-4271-4d2a-898f-6d5c0f9c9c3f,d8ce12cc-24e1-42c0-98b7-96f7b69ec336,2024-08-13 22:21:19,Suburb Gym
bb5890c6-2356-4539-ae74-b9d497d629a9,90d8f096-9d02-4db6-b12a-90d36d35bba8,2024-12-28 13:39:15,Downtown Gym
3f9b2f5b-9fb8-4aba-bf00-01cfe7201555,b3d8466b-4be4-4ec6-83fc-ae331a9d7b56,2024-06-21 17:16:01,Downtown Gym
dc0ccb4c-13f6-4f2d-a666-3b68955b85c4,956847b1-e0c9-4c97-8bbe-75314d62c028,2024-08-28 21:03:42,Suburb Gym
bd5f5548-b7c6-4eba-a326-21100b1baac8,4e425509-d365-40f7-bc2a-ac1c87d3758e,2024-06-08 18:01:07,Downtown Gym
7ab9130b-9618-47f0-a8d3-cae88edde171,42c2a6b1-811b-4f2b-9c5a-028f1b5a7a35,2025-04-03 11:28:24,Suburb Gym
de63e4dc-87f0-428a-8978-2e78517fee6d,4abd86ea-2b6d-440a-a63c-831400d714b0,2024-07-07 02:19:18,Uptown Gym
910284ae-5548-4d0d-a6be-30153cec2117,a1d2df77-041f-44e8-9074-3da922d50e48,2024-11-03 08:17:02,Suburb Gym
4a9b04ea-e74a-47ef-a2b6-5d59007a5fad,35acfd53-1fd0-4702-9176-b9764a5e5f1c,2025-02-25 01:08:57,Downtown Gym
52e8361e-2140-4512-a9c2-c93547fc57f1,ebfa40f8-9f92-472a-aa2f-0dd50f7a6297,2024-10-07 22:27:26,Downtown Gym
cc4bf7e9-69c7-4bee-b2e9-a89e65756b5c,bf63ea91-c202-4fb9-894c-d7045d401088,2024-06-05 22:49:39,Uptown Gym
ac0075f0-87e6-4f64-a5cf-24359f5198ca,f5cb0168-9fd2-496e-b6eb-d738591e2cbe,2024-10-08 21:16:33,Uptown Gym
240fdf20-fb18-40fd-b303-4fbe5f8a3ff9,4c8d577e-b325-4bfe-94f6-31464d1b1a08,2024-08-23 07:52:56,Uptown Gym
cb7deeca-149a-4554-90f7-5e13e2e46c1c,f3dd9239-0c41-42ca-aa6f-23190152d812,2024-12-27 00:03:16,Suburb Gym
18421480-3b87-4be1-a31c-929450357723,b37c4a56-fa78-4dd3-8420-1e3d175891f3,2024-08-22 11:22:09,Suburb Gym
80e56ab0-ba1c-46dd-9cc3-9bd9de44574e,905906e5-b50f-494e-aa8d-a35ac926d7fc,2024-09-30 18:12:42,Suburb Gym
1978a183-03fd-4a31-b725-53f6a0f84fd6,df1e94b6-5df3-495b-ac29-56dfc697a063,2024-08-26 05:19:38,Uptown Gym
b5d9ac9d-c58e-49e9-a0e1-84da1d036c50,b4df23ed-9e7e-4e8a-b115-a02313aeacc9,2024-05-16 12:04:39,Downtown Gym
9223da59-5b50-4467-bbad-6609d58842b6,85a20112-c842-4461-ace6-43d4a8ae922a,2024-10-17 04:11:57,Downtown Gym
fee8e7c2-1b51-41f1-8473-043f7a0ec2e1,8de65348-09f5-49a4-af75-7fd84a99f0fd,2024-07-09 15:47:22,Downtown Gym
6d2bd7af-4165-4184-877a-197ba72b4a6b,2b9546a9-bde4-4da4-8b7b-9a9f9faeace7,2024-12-28 06:51:51,Downtown Gym
7e558378-ccbf-4cc6-89e9-84a513df9cfc,e0d213f1-363a-42e4-87ac-3f5a28c563bd,2025-04-19 00:18:06,Downtown Gym
783029f8-8ff5-4b52-83c1-086ffcdc92be,d94ad097-f060-45ea-a305-de3d827e324a,2025-01-10 01:23:54,Suburb Gym
f4aa8da9-c620-4b4c-8ef4-075186daa52f,62629286-5d12-4a66-9062-95ac2a89710d,2024-12-19 08:23:21,Uptown Gym
c5a1d950-9a83-4258-965e-164a9d96f2d1,2ac2112c-ae29-4859-b0bd-4ca695544c2d,2024-07-30 15:01:17,Downtown Gym
6e14e624-b909-49ce-89ba-41f313bc7399,84a3e4c9-c401-4835-921c-34d1495a635c,2025-04-16 17:15:19,Suburb Gym
c98eefd7-06cb-4327-8f1e-9f011a61a2ae,cfbba6a7-56f8-487f-8a77-cf33d59fa989,2024-06-25 21:45:08,Suburb Gym
cca6590b-92c2-425b-9388-fc4660b4bf63,d94ad097-f060-45ea-a305-de3d827e324a,2024-09-24 03:08:42,Uptown Gym
88a0dc98-517e-484a-82de-9c14f7f8b378,1f30c2ea-8344-4133-a951-28b1f97f74a8,2024-06-19 06:03:30,Downtown Gym
8324cead-b8cb-45c9-9507-a11576803340,0f2513b9-9295-4a20-8c5c-b8a43035e247,2025-02-02 01:50:55,Downtown Gym
bd7d18ac-164d-4a70-b2bf-95c92a79c4fb,def96cff-f788-4b65-a705-aa720687c676,2024-05-03 18:01:03,Downtown Gym
6423b8f8-c87b-4d93-bf0c-470740b1d9f3,c64a3d91-e258-4434-ad75-59a409ab924a,2024-12-27 19:21:54,Uptown Gym
fe73c092-abfe-4186-9959-1b3b203cde12,caeb7f47-f105-4a26-8492-48e08f650dac,2024-12-22 03:26:26,Uptown Gym
028b3060-e82c-42db-ba3d-e9c3b5c8e89d,76c92cfa-05b0-49cc-86bb-fd3f79c7fc1b,2024-12-22 10:07:50,Suburb Gym
32e79116-e80d-47de-b5f0-dbd3127b0aa6,31e5e79e-dcaa-4676-bc81-a375d470bf4d,2024-10-02 14:13:39,Downtown Gym
2a4f12ca-5b46-4e4d-8611-39af31d45fd1,dc1686bb-888f-4e8f-9995-ed9a7a96cea5,2025-04-15 11:02:11,Uptown Gym
2fb0b79d-6e3f-4a6d-8465-00fe45cf26e3,7a95cfc9-26f1-4fb3-9043-01212e85d46e,2025-03-01 21:06:21,Suburb Gym
d68b4ebe-b6cf-40eb-8b52-9da1bb7a67fc,c327d43b-9ddc-48c5-a28e-2d5ccd739804,2024-05-30 22:41:09,Suburb Gym
206d717b-2e44-4fbf-ac59-25d721d8e424,680a387e-a9c2-41d4-af49-f83be03d240d,2024-11-28 23:59:53,Uptown Gym
f8710083-0835-4f6c-bbe3-9659d670949d,c20f29c8-e282-4a9a-945b-713238c8d693,2025-04-03 11:49:59,Suburb Gym
e63bd2b4-0902-4234-896c-f614ac2cd139,858c4cf4-9b5a-40f2-8c15-68047d6ca5d7,2025-03-25 07:42:58,Downtown Gym
e86e6dfd-7769-4c4f-b576-20f4c687b370,e5f9367a-6ab7-416e-af6a-b3e156a05f70,2024-08-13 07:27:33,Downtown Gym
293117a3-b5a0-44f5-aafd-8c9c6a6cba89,b55191c2-88c6-4451-9233-36c854762e22,2025-03-01 13:50:55,Downtown Gym
67ea7cb0-7a1c-41fc-80cf-bc29b181ac98,931618ca-6298-4f03-8c3a-9bf0e9d4a267,2025-02-02 16:09:14,Uptown Gym
a210b28e-5a19-4904-9eaf-97d491dd1753,211224be-50be-4b26-8831-db4071566aef,2024-07-15 18:19:42,Suburb Gym
9bed8960-8f0c-487d-b200-cc95f78c2499,0c591e26-f24e-432e-8ee8-50cbc3c290ca,2024-08-01 15:54:38,Uptown Gym
bffdb189-3445-4ae8-94b3-9e700edf1fb6,612b5924-ccae-4f49-abd4-52859516eb5c,2024-11-08 17:17:53,Suburb Gym
e12ad9a8-c907-405e-8ec3-e9ba75b9199f,96c3d713-155a-4676-abf7-9040151f8f53,2024-09-13 20:15:44,Uptown Gym
1aefe74c-e118-4060-9ec9-c3aa75837e83,727c8dd7-f9dd-45a6-a06d-057e81041d0a,2024-06-24 04:35:20,Suburb Gym
1093822a-b730-4001-a919-c5ecccf68757,4f5c3424-522c-4467-9cb2-0990cc1e5245,2024-05-01 21:51:01,Downtown Gym
b8aa5f02-e903-4579-93e9-ae8869d8e109,8da9d97c-f20c-4a1d-b538-4c82388a7289,2025-02-14 17:38:04,Suburb Gym
a8eaf9b3-e82a-4613-a7c1-99b404a68821,ff280807-fbe8-4b66-b9f4-32eaaf76de51,2024-09-06 21:11:31,Uptown Gym
c15a2030-a036-4b26-85c3-d6748e5b5a53,9215b1b2-dfa6-4002-a70e-d218829d3ea5,2024-11-10 18:35:33,Uptown Gym
de86ff54-3f60-4fcc-9357-9f371814ce35,aa1c4210-6ad7-4836-934f-37830e10ed43,2025-02-10 08:20:52,Suburb Gym
e442da8a-56e1-47cc-b082-5f9baa608c24,321b53eb-ef21-41fe-9238-4d9252cdedf4,2024-08-01 22:18:37,Uptown Gym
96606447-5d1f-4f48-a4cd-0b51b2149a52,68b676eb-cbe7-4439-aa40-1731184f5c20,2024-10-15 05:55:11,Downtown Gym
8d0c9286-d46c-47af-823d-205cb304bec0,08bac908-ca24-41c3-8526-bedfca678566,2025-01-29 15:36:31,Uptown Gym
b11f9363-52b7-4acd-a1d7-5510ea30c2c7,760701e2-632b-409d-a7c5-25630af5c129,2025-01-15 06:21:24,Suburb Gym
4581028f-c4a4-488e-8540-9d699c2f822e,8857d288-61fc-4b7b-9385-069584c838ea,2024-12-25 10:12:25,Uptown Gym
f7880697-0e3b-40fc-a90c-e957af8f145e,21d62e76-96bc-42b9-b83d-407e046dbc21,2025-03-10 09:46:58,Suburb Gym
83922aea-c224-4224-b4d1-ca2fa8d93b48,6bcb7afa-8758-4d39-b28e-751a0b0989c3,2024-04-21 10:08:23,Uptown Gym
2ed91169-fee6-4a64-a87e-23e283f38e17,05f60a73-9b77-41c1-b931-336cabc648cc,2024-11-16 23:10:42,Uptown Gym
28c097c0-1d2c-460e-a115-b56b0ef7b2c1,36492fcf-f584-4f5a-8389-72f50657d5bf,2024-09-01 14:41:43,Downtown Gym
811f7a14-952f-4ca3-b3af-c0bd4809363b,c990937b-2b19-429d-8b7e-9aa3416ad69c,2024-08-10 21:35:22,Suburb Gym
43d8d2be-80bd-40ce-a60b-040ed495b202,a6153a35-bc58-4bfc-8c09-691c719392f6,2025-03-08 14:29:18,Uptown Gym
c82efd24-f25a-43ec-99ef-8d4ce6b4768f,f5e27e47-d9dc-44d5-830e-5e936c110efc,2025-02-04 23:13:26,Suburb Gym
7ee0f696-31ef-4b47-b235-4c75dcfdc8d5,176a319c-d46a-4139-8974-2c01828f9273,2024-05-19 15:10:08,Downtown Gym
1c55dc93-7294-46f0-84c8-733e342607a1,0e775ce6-cd6e-4207-b767-f0e694a27d51,2025-01-12 20:11:03,Suburb Gym
